{"cameraMode":{"drawMode":0,"name":"Shaded","section":"Shading Mode"},"sceneLighting":true,"audioPlay":false,"sceneViewState":{"showFog":false,"showMaterialUpdate":false,"showSkybox":false,"showFlares":false,"showImageEffects":false,"showParticleSystems":false},"in2DMode":false,"pivot":{"x":2.1743531227111818,"y":14.828170776367188,"z":2.415923595428467},"rotation":{"x":0.11814665794372559,"y":-0.03573986142873764,"z":0.004255117382854223,"w":0.9923451542854309},"size":5.640135288238525,"orthographic":true}