{"cameraMode":{"drawMode":0,"name":"Shaded","section":"Shading Mode"},"sceneLighting":true,"audioPlay":false,"sceneViewState":{"showFog":true,"showMaterialUpdate":true,"showSkybox":true,"showFlares":true,"showImageEffects":true,"showParticleSystems":true},"in2DMode":false,"pivot":{"x":-2.5015735626220705,"y":5.948166847229004,"z":6.567939281463623},"rotation":{"x":0.19520309567451478,"y":0.4720393419265747,"z":-0.10803819447755814,"w":0.8528793454170227},"size":48.47224807739258,"orthographic":true}