{"cameraMode":{"drawMode":0,"name":"Shaded","section":"Shading Mode"},"sceneLighting":true,"audioPlay":false,"sceneViewState":{"showFog":false,"showMaterialUpdate":false,"showSkybox":false,"showFlares":false,"showImageEffects":false,"showParticleSystems":false},"in2DMode":false,"pivot":{"x":2.5504422187805177,"y":9.049687385559082,"z":0.0},"rotation":{"x":0.16882529854774476,"y":-0.2795974910259247,"z":0.05001211538910866,"w":0.9438336491584778},"size":15.566129684448243,"orthographic":true}