{"cameraMode":{"drawMode":0,"name":"Shaded","section":"Shading Mode"},"sceneLighting":true,"audioPlay":false,"sceneViewState":{"showFog":true,"showMaterialUpdate":true,"showSkybox":true,"showFlares":true,"showImageEffects":true,"showParticleSystems":true},"in2DMode":false,"pivot":{"x":4.8623046875,"y":3.853515625,"z":11.916015625},"rotation":{"x":0.26938995718955996,"y":-0.35269132256507876,"z":0.10678598284721375,"w":0.8897386789321899},"size":40.492305755615237,"orthographic":true}