{"cameraMode":{"drawMode":0,"name":"Shaded","section":"Shading Mode"},"sceneLighting":true,"audioPlay":false,"sceneViewState":{"showFog":true,"showMaterialUpdate":true,"showSkybox":true,"showFlares":true,"showImageEffects":true,"showParticleSystems":true},"in2DMode":false,"pivot":{"x":2.7827584743499758,"y":-1.5671875476837159,"z":4.694360256195068},"rotation":{"x":0.3188425600528717,"y":0.2573797404766083,"z":-0.09040836989879608,"w":0.9077019691467285},"size":21.541240692138673,"orthographic":true}