{"cameraMode":{"drawMode":0,"name":"Shaded","section":"Shading Mode"},"sceneLighting":true,"audioPlay":false,"sceneViewState":{"showFog":true,"showMaterialUpdate":true,"showSkybox":true,"showFlares":true,"showImageEffects":true,"showParticleSystems":true},"in2DMode":false,"pivot":{"x":0.23712158203125,"y":-0.1915283203125,"z":-0.1121826171875},"rotation":{"x":0.2824707329273224,"y":-0.2659713923931122,"z":0.08183765411376953,"w":0.9180261492729187},"size":1.1048779487609864,"orthographic":true}