{"cameraMode":{"drawMode":0,"name":"Shaded","section":"Shading Mode"},"sceneLighting":true,"audioPlay":false,"sceneViewState":{"showFog":true,"showMaterialUpdate":true,"showSkybox":true,"showFlares":true,"showImageEffects":true,"showParticleSystems":true},"in2DMode":false,"pivot":{"x":20.24715805053711,"y":10.809279441833496,"z":4.299551486968994},"rotation":{"x":0.14577645063400269,"y":-0.845209538936615,"z":0.2903529703617096,"w":0.4243479371070862},"size":27.184207916259767,"orthographic":true}