{"cameraMode":{"drawMode":0,"name":"Shaded","section":"Shading Mode"},"sceneLighting":true,"audioPlay":false,"sceneViewState":{"showFog":true,"showMaterialUpdate":true,"showSkybox":true,"showFlares":true,"showImageEffects":true,"showParticleSystems":true},"in2DMode":false,"pivot":{"x":68.29290771484375,"y":-10.529687881469727,"z":-13.169522285461426},"rotation":{"x":0.48371848464012148,"y":-0.001312430133111775,"z":0.0007251836941577494,"w":0.8752239346504211},"size":105.1482925415039,"orthographic":true}