{"cameraMode":{"drawMode":0,"name":"Shaded","section":"Shading Mode"},"sceneLighting":true,"audioPlay":false,"sceneViewState":{"showFog":true,"showMaterialUpdate":true,"showSkybox":true,"showFlares":true,"showImageEffects":true,"showParticleSystems":true},"in2DMode":false,"pivot":{"x":6.3663458824157719,"y":3.237492799758911,"z":1.3532476425170899},"rotation":{"x":0.3339007496833801,"y":-0.47799915075302126,"z":0.2028830200433731,"w":0.7866808772087097},"size":122.84585571289063,"orthographic":true}