{"cameraMode":{"drawMode":0,"name":"Shaded","section":"Shading Mode"},"sceneLighting":true,"audioPlay":false,"sceneViewState":{"showFog":true,"showMaterialUpdate":true,"showSkybox":true,"showFlares":true,"showImageEffects":true,"showParticleSystems":true},"in2DMode":false,"pivot":{"x":2.1805996894836427,"y":0.052687037736177447,"z":-1.660172939300537},"rotation":{"x":-0.10195342451334,"y":-0.8156058192253113,"z":0.15145227313041688,"w":-0.549056887626648},"size":15.953210830688477,"orthographic":true}