{"cameraMode":{"drawMode":0,"name":"Shaded","section":"Shading Mode"},"sceneLighting":true,"audioPlay":false,"sceneViewState":{"showFog":true,"showMaterialUpdate":true,"showSkybox":true,"showFlares":true,"showImageEffects":true,"showParticleSystems":true},"in2DMode":false,"pivot":{"x":16.282791137695314,"y":11.476003646850586,"z":5.18701171875},"rotation":{"x":0.31997376680374148,"y":-0.4507005214691162,"z":0.17709453403949738,"w":0.8143249750137329},"size":47.02606964111328,"orthographic":true}