{"cameraMode":{"drawMode":0,"name":"Shaded","section":"Shading Mode"},"sceneLighting":true,"audioPlay":false,"sceneViewState":{"showFog":true,"showMaterialUpdate":false,"showSkybox":true,"showFlares":true,"showImageEffects":true,"showParticleSystems":true},"in2DMode":false,"pivot":{"x":171.34048461914063,"y":43.861122131347659,"z":34.943748474121097},"rotation":{"x":0.03470310568809509,"y":-0.8736792802810669,"z":0.06301386654376984,"w":0.481155127286911},"size":179.02499389648438,"orthographic":true}